{
  "weights": {
    "Gryffindor": [
      0.058732394529068324,
      -0.01587190776919024,
      0.8793290450581254,
      -1.295859423989364,
      -0.818195199939553,
      0.4909948606161196,
      -0.3777163650383876,
      1.232174092711372,
      -1.6814973939226405,
      -1.848694816403785,
      -0.6502423095709466,
      -0.024193413103722257,
      -1.0628783044359085,
      1.731627630326257
    ],
    "Hufflepuff": [
      -0.489013716075737,
      -0.18982449372578436,
      1.6769233301284847,
      1.6159643107734112,
      -2.175732653677099,
      0.6690475780727334,
      -1.1700653131196772,
      -2.095303953196116,
      0.8483474912190045,
      0.8853255412116234,
      -0.6846628765226146,
      -0.18053299650215401,
      -0.1746731240465958,
      -1.0049440647803565
    ],
    "Ravenclaw": [
      -1.436024192948284,
      -0.7960923727598099,
      -2.295255082626968,
      0.7153693827597769,
      0.8772332041867877,
      0.19186676823275825,
      1.846991349248559,
      1.1917101691382286,
      -0.28772476075783093,
      -0.3242798486662616,
      -0.591706928706957,
      -0.5958227375915616,
      1.932750946082147,
      -0.8007821864016483
    ],
    "Slytherin": [
      0.1537478476067588,
      0.07058142359461696,
      -1.261019214074119,
      -1.394266409090895,
      1.4163302439890981,
      -2.123120253668681,
      -0.6302503392990284,
      -0.9860917678122222,
      0.4910661908267172,
      0.5930966532382534,
      1.0530530901520896,
      0.05447054279874626,
      -0.9721673685676467,
      -0.9100365166270139
    ]
  },
  "min": [
    -24370.0,
    -966.7405456412164,
    -10.295662748653244,
    -10.16211940387396,
    -8.727,
    -1086.4968348887983,
    283.8696087336624,
    -8.858992991610515,
    906.6273196915248,
    -4.697483767872527,
    -3.313675764124477,
    -261.04892,
    -181.47
  ],
  "max": [
    104956.0,
    1016.2119403873959,
    11.612895082210851,
    9.667405456412162,
    10.032,
    1092.3886105728684,
    745.3962198761234,
    11.889712754042707,
    1098.9582005409077,
    13.536762124994421,
    3.0565457738978123,
    -225.42813999999998,
    279.07
  ]
}