{
  "Gryffindor": [
    0.14669621901690288,
    -0.010426463645409464,
    1.1157491992456097,
    -1.7635739935770556,
    -0.9659137194091492,
    0.7029851145899334,
    -0.41049158809470837,
    1.7496703865053493,
    -2.199579123396984,
    -2.4231522842858153,
    -0.7863710829818041,
    0.0028530425340100953,
    -1.3404285881818403,
    2.3380457082083375
  ],
  "Hufflepuff": [
    -0.7023051905214039,
    -0.23295432145999145,
    2.329083458635114,
    2.390148158434891,
    -3.044738558114308,
    0.9668853370038715,
    -1.6363844619819319,
    -2.9662489746938063,
    1.2623734018358796,
    1.3278080964952814,
    -0.9495718928681499,
    -0.24476867652882192,
    -0.16229569072069974,
    -1.4850290136728603
  ],
  "Ravenclaw": [
    -1.9969112328707301,
    -1.068999460438885,
    -3.0470804304984123,
    1.0681506405328354,
    1.0847948057551764,
    0.4222636783028928,
    2.5904378877271372,
    1.755625515850128,
    -0.4495021335279208,
    -0.5072738433928253,
    -0.8761175744064702,
    -0.7752792936012483,
    2.7207650499798866,
    -1.025716358155988
  ],
  "Slytherin": [
    0.37866637960360433,
    0.1890162084622976,
    -1.64242668745675,
    -1.936407582138095,
    2.02075487745314,
    -2.9316973750727775,
    -0.905560115440557,
    -1.3419451926326982,
    0.7080101769762671,
    0.8686237727764576,
    1.5361495637029814,
    0.14230387672104042,
    -1.40173818287812,
    -1.147565694374064
  ]
}